product_id,product_name,category,brand,thc_percent,cbd_percent,unit_cost,retail_price
1,High Desert Botanicals OG Kush 1g Disposable,Vape Cartridges,High Desert Botanicals,71.57,0.81,43.92,93.49
2,Fern Canyon Collective Muscle Salve 1oz,Topicals,Fern Canyon Collective,0.15,5.12,14.9,38.79
3,Old Growth Labs Do-Si-Dos 5-Pack Pre-Rolls,Pre-Rolls,Old Growth Labs,17.0,0.81,11.33,20.79
4,Old Growth Labs Cereal Milk 1g Disposable,Vape Cartridges,Old Growth Labs,84.8,0.54,27.08,46.99
5,Willamette Collective Gorilla Glue #4 1g Cartridge,Vape Cartridges,Willamette Collective,82.39,2.57,29.86,52.49
6,High Desert Botanicals Tangie 0.5g Cartridge,Vape Cartridges,High Desert Botanicals,80.71,0.61,32.94,69.99
7,Sasquatch Labs Jack Herer Single 1g Pre-Roll,Pre-Rolls,Sasquatch Labs,16.7,0.03,2.1,3.79
8,Deschutes Collective Runtz 3.5g,Flower,Deschutes Collective,27.5,0.98,23.67,44.49
9,Willamette Collective Durban Poison Badder 1g,Concentrates,Willamette Collective,64.92,1.87,44.76,89.99
10,Deschutes Collective Lemon Haze 7g,Flower,Deschutes Collective,19.12,1.14,47.66,89.79
11,Blue Mountain Harvest Citrus Seltzer 10mg,Beverages,Blue Mountain Harvest,1.08,3.2,8.41,20.99
12,Deschutes Collective Strawberry Cough 7g,Flower,Deschutes Collective,22.58,0.76,44.14,73.79
13,North Fork Harvest Cherry Pie Shatter 1g,Concentrates,North Fork Harvest,74.45,0.52,54.61,123.99
14,Old Growth Labs Zkittlez 5-Pack Pre-Rolls,Pre-Rolls,Old Growth Labs,25.89,0.14,10.11,19.99
15,Mt. Hood Wellness Animal Cookies Badder 1g,Concentrates,Mt. Hood Wellness,85.7,0.62,46.29,96.49
16,Sasquatch Gardens Relief Balm 2oz,Topicals,Sasquatch Gardens,5.4,19.48,11.64,25.79
17,Salmon Run Botanicals OG Kush Single 1g Pre-Roll,Pre-Rolls,Salmon Run Botanicals,25.89,0.5,2.21,4.99
18,Deschutes Collective Jack Herer 7g,Flower,Deschutes Collective,17.33,0.89,39.49,73.99
19,Emerald Cultivators Mimosa 3.5g,Flower,Emerald Cultivators,19.98,0.86,22.28,40.79
20,North Fork Harvest Tangie 3.5g,Flower,North Fork Harvest,24.29,1.12,24.25,45.49
21,Three Sisters Reserve Pineapple Express 0.5g Cartridge,Vape Cartridges,Three Sisters Reserve,78.45,0.15,30.25,52.49
22,Rogue Valley Wellness Blackberry Gummies 100mg,Edibles,Rogue Valley Wellness,3.01,3.85,13.57,30.79
23,Rogue Valley Goods Lemon Lime Sparkling Tonic 5mg,Beverages,Rogue Valley Goods,0.37,3.28,8.04,18.49
24,Evergreen Goods Lemon Lime Chocolate Bar 100mg,Edibles,Evergreen Goods,2.54,,14.64,36.99
25,Three Sisters Botanicals Skywalker OG 28g,Flower,Three Sisters Botanicals,21.24,0.22,233.82,400.79
26,Willamette Goods Relief Balm 2oz,Topicals,Willamette Goods,4.39,18.13,20.48,51.79
27,Pacific Labs Runtz Rosin 1g,Concentrates,Pacific Labs,73.11,0.66,36.24,82.79
28,Salmon Run Extracts Pineapple Coconut Fruit Chews 100mg,Edibles,Salmon Run Extracts,0.8,3.53,17.38,45.79
29,Three Sisters Botanicals Blue Dream 3.5g,Flower,Three Sisters Botanicals,27.94,1.17,22.37,43.99
30,Mt. Hood Apothecary Tangie 1g Cartridge,Vape Cartridges,Mt. Hood Apothecary,86.72,2.53,34.48,75.79
31,Silver Falls Labs Tangie 3.5g,Flower,Silver Falls Labs,16.69,0.09,21.67,41.99
32,Willamette Collective Citrus Fruit Chews 100mg,Edibles,Willamette Collective,5.94,0.33,10.74,25.79
33,Salmon Run Extracts Cherry Gummies 100mg,Edibles,,5.19,4.43,10.51,25.99
34,High Desert Botanicals Skywalker OG 1g Disposable,Vape Cartridges,High Desert Botanicals,60.76,2.61,29.66,59.79
35,Three Sisters Botanicals Granddaddy Purple 14g,Flower,Three Sisters Botanicals,25.74,0.48,91.73,191.99
36,Rogue Valley Goods Jack Herer 7g,Flower,Rogue Valley Goods,28.78,0.92,56.85,108.79
37,Pacific Labs Forbidden Fruit Shatter 1g,Concentrates,Pacific Labs,59.09,1.06,35.97,79.49
38,Silver Falls Labs Do-Si-Dos 3.5g,Flower,Silver Falls Labs,15.59,0.02,21.7,38.49
39,Willamette Collective Gorilla Glue #4 Live Resin 1g,Concentrates,Willamette Collective,63.08,2.85,46.99,93.49
40,Sasquatch Labs Northern Lights 14g,Flower,Sasquatch Labs,27.31,,94.54,160.79
41,Rogue Valley Wellness Mixed Berry Caramels 100mg,Edibles,Rogue Valley Wellness,2.24,4.71,17.9,37.99
42,Old Growth Gardens Pineapple Express Live Resin 1g,Concentrates,Old Growth Gardens,73.97,0.69,45.19,97.79
43,Silver Falls Labs Do-Si-Dos 3.5g,Flower,Silver Falls Labs,15.81,1.16,22.93,45.79
44,Deschutes Collective Jack Herer 28g,Flower,Deschutes Collective,17.43,0.48,237.57,486.79
45,Coastal Range Collective Sour Apple Gummies 100mg,Edibles,Coastal Range Collective,2.18,1.12,15.97,33.49
46,Three Sisters Botanicals Blue Dream 7g,Flower,Three Sisters Botanicals,16.28,1.05,50.68,95.79
47,Mt. Hood Wellness Strawberry Cough Single 1g Pre-Roll,Pre-Rolls,Mt. Hood Wellness,25.21,0.97,3.15,7.49
48,Fern Canyon Wellness Cherry Gummies 100mg,Edibles,Fern Canyon Wellness,1.15,2.04,13.06,30.79
49,Three Sisters Botanicals Granddaddy Purple 14g,Flower,,18.08,0.82,80.4,148.49
50,Evergreen Goods Cereal Milk 3.5g,Flower,Evergreen Goods,21.73,0.71,24.45,49.49
51,Pacific Extracts Zkittlez 14g,Flower,Pacific Extracts,27.3,0.96,88.22,165.49
52,Mt. Hood Apothecary Wedding Cake 14g,Flower,Mt. Hood Apothecary,24.92,1.0,113.43,227.49
53,Coastal Range Collective Animal Cookies 14g,Flower,Coastal Range Collective,27.33,1.05,83.66,164.79
54,Deschutes Collective Biscotti 3.5g,Flower,Deschutes Collective,19.69,0.89,20.6,41.99
55,Deschutes Collective Northern Lights 28g,Flower,Deschutes Collective,19.02,0.74,154.54,286.79
56,Salmon Run Extracts Lemon Lime Chocolate Bar 100mg,Edibles,Salmon Run Extracts,2.45,,13.95,36.79
57,Sasquatch Labs Pineapple Express 3.5g,Flower,Sasquatch Labs,28.48,0.41,24.93,49.49
58,Rogue Valley Wellness Citrus Fruit Chews 100mg,Edibles,Rogue Valley Wellness,1.27,4.69,17.25,40.99
59,Three Sisters Botanicals Runtz 7g,Flower,Three Sisters Botanicals,23.15,0.42,39.91,77.99
60,Three Sisters Botanicals Ice Cream Cake 14g,Flower,Three Sisters Botanicals,28.63,1.16,113.6,191.79
61,Crater Lake Farms Mixed Berry Gummies 100mg,Edibles,Crater Lake Farms,0.67,1.62,7.27,17.79
62,Three Sisters Botanicals Cereal Milk 7g,Flower,Three Sisters Botanicals,21.24,0.33,52.85,104.49
63,Three Sisters Botanicals Animal Cookies 14g,Flower,Three Sisters Botanicals,16.15,0.82,86.27,166.79
64,Willamette Labs Gelato 1g Cartridge,Vape Cartridges,Willamette Labs,89.48,0.45,30.47,61.79
65,Three Sisters Botanicals Forbidden Fruit 7g,Flower,Three Sisters Botanicals,18.84,1.18,46.85,89.79
66,Mt. Hood Wellness Mac 1 3-Pack Minis,Pre-Rolls,Mt. Hood Wellness,16.99,0.26,9.22,18.99
67,Salmon Run Extracts Blackberry Gummies 100mg,Edibles,Salmon Run Extracts,4.05,4.84,16.51,36.79
68,Crater Lake Cannabis Co. Cherry Pie 1g Disposable,Vape Cartridges,Crater Lake Cannabis Co.,84.07,2.31,42.37,76.79
69,Old Growth Harvest Tangie 5-Pack Pre-Rolls,Pre-Rolls,Old Growth Harvest,14.42,,10.79,23.49
70,Old Growth Labs Zkittlez Single 1g Pre-Roll,Pre-Rolls,Old Growth Labs,20.26,0.14,2.96,6.49
71,Three Sisters Botanicals Zkittlez 7g,Flower,Three Sisters Botanicals,15.9,0.7,48.82,84.99
72,High Desert Botanicals Wedding Cake 1g Cartridge,Vape Cartridges,High Desert Botanicals,69.62,1.37,40.95,75.99
73,Willamette Goods Apple Fritter 14g,Flower,Willamette Goods,27.04,0.94,106.19,187.79
74,High Desert Botanicals Purple Punch 0.5g Cartridge,Vape Cartridges,High Desert Botanicals,63.25,0.73,34.61,60.49
75,Salmon Run Apothecary Tangie 3-Pack Minis,Pre-Rolls,Salmon Run Apothecary,14.13,0.39,8.01,17.49
76,Three Sisters Botanicals Gorilla Glue #4 7g,Flower,Three Sisters Botanicals,15.46,0.09,45.86,77.79
77,North Fork Harvest Runtz Single 1g Pre-Roll,Pre-Rolls,North Fork Harvest,24.41,0.24,2.83,5.79
78,Sasquatch Labs Cereal Milk 3.5g,Flower,Sasquatch Labs,24.89,0.04,25.93,44.49
79,Old Growth Farms Cherry Pie 5-Pack Pre-Rolls,Pre-Rolls,Old Growth Farms,24.42,0.41,14.28,32.99
80,Salmon Run Apothecary Cherry Pie Single 1g Pre-Roll,Pre-Rolls,Salmon Run Apothecary,25.63,0.66,2.1,4.79
81,Silver Falls Labs Forbidden Fruit 14g,Flower,Silver Falls Labs,16.14,0.07,107.73,200.79
82,Evergreen Wellness Do-Si-Dos 1g Cartridge,Vape Cartridges,Evergreen Wellness,87.03,0.66,28.19,51.99
83,Sasquatch Gardens Cooling Gel Roll-On,Topicals,Sasquatch Gardens,3.33,16.38,15.98,41.79
84,Pacific Extracts Cherry Pie 3.5g,Flower,Pacific Extracts,24.1,0.24,29.49,61.49
85,Old Growth Labs Strawberry Cough 5-Pack Pre-Rolls,Pre-Rolls,Old Growth Labs,20.01,1.04,11.55,21.99
86,North Fork Harvest Runtz Single 1g Pre-Roll,Pre-Rolls,North Fork Harvest,19.53,0.42,2.89,6.99
87,Cascade Cultivators Durban Poison 14g,Flower,Cascade Cultivators,27.61,0.51,113.68,209.79
88,Old Growth Gardens Lemon Haze 5-Pack Pre-Rolls,Pre-Rolls,,25.86,0.25,13.55,26.79
89,Fern Canyon Wellness Blue Raspberry Fruit Drink 10mg,Beverages,Fern Canyon Wellness,0.89,3.64,5.92,13.79
90,Deschutes Collective Gelato 3.5g,Flower,Deschutes Collective,17.53,1.03,29.45,51.79
91,Fern Canyon Collective Muscle Salve 1oz,Topicals,Fern Canyon Collective,3.09,9.18,15.34,42.79
92,Rogue Valley Goods Pineapple Coconut Fruit Drink 10mg,Beverages,Rogue Valley Goods,0.53,3.88,6.14,13.79
93,Three Sisters Botanicals Apple Fritter 7g,Flower,Three Sisters Botanicals,28.58,0.54,41.25,81.79
94,Mt. Hood Apothecary Tangie 1g Disposable,Vape Cartridges,Mt. Hood Apothecary,65.26,1.56,26.47,48.99
95,Three Sisters Reserve Pineapple Express 1g Disposable,Vape Cartridges,,79.13,2.12,29.97,57.79
96,Emerald Cultivators Muscle Salve 1oz,Topicals,Emerald Cultivators,0.22,16.73,12.01,27.49
97,Fern Canyon Wellness Gorilla Glue #4 Shatter 1g,Concentrates,Fern Canyon Wellness,76.66,2.6,50.14,113.79
98,Three Sisters Botanicals Ice Cream Cake 3.5g,Flower,Three Sisters Botanicals,15.8,0.64,22.08,37.49
99,Sasquatch Labs Pineapple Express 28g,Flower,Sasquatch Labs,15.58,0.18,196.61,349.79
100,Sasquatch Labs Granddaddy Purple 28g,Flower,Sasquatch Labs,28.33,0.77,154.41,318.49
101,Blue Mountain Harvest Zkittlez 7g,Flower,Blue Mountain Harvest,16.96,0.04,52.5,96.49
102,North Fork Harvest Gorilla Glue #4 3-Pack Minis,Pre-Rolls,North Fork Harvest,16.62,0.81,8.54,16.99
103,Deschutes Collective Mac 1 28g,Flower,Deschutes Collective,26.73,1.13,212.18,366.99
104,Rogue Valley Wellness Pineapple Coconut Caramels 100mg,Edibles,Rogue Valley Wellness,5.13,4.34,12.47,29.79
105,Timberline Labs Cherry Sparkling Tonic 5mg,Beverages,Timberline Labs,0.84,0.86,9.83,24.49
106,Fern Canyon Wellness Strawberry Sparkling Tonic 5mg,Beverages,Fern Canyon Wellness,0.82,0.43,7.76,17.79
107,Pacific Extracts Northern Lights 14g,Flower,Pacific Extracts,27.3,0.48,108.01,203.49
108,Rogue Valley Goods Watermelon Fruit Drink 10mg,Beverages,Rogue Valley Goods,0.99,3.05,9.67,20.79
109,Coastal Range Collective Mimosa 1g Cartridge,Vape Cartridges,Coastal Range Collective,76.88,0.02,27.4,57.99
110,Mt. Hood Apothecary Pineapple Express 1g Disposable,Vape Cartridges,,72.28,2.09,32.33,60.49
111,Salmon Run Extracts Blackberry Gummies 100mg,Edibles,Salmon Run Extracts,2.2,0.37,11.11,23.79
112,Rogue Valley Wellness Watermelon Caramels 100mg,Edibles,Rogue Valley Wellness,5.15,2.32,14.35,33.79
113,Mt. Hood Labs Mimosa 7g,Flower,Mt. Hood Labs,19.78,0.46,39.04,71.99
114,Silver Falls Labs Mac 1 7g,Flower,Silver Falls Labs,23.51,0.92,49.71,93.99
115,Rogue Valley Wellness Jack Herer 5-Pack Pre-Rolls,Pre-Rolls,Rogue Valley Wellness,16.55,0.01,10.11,23.99
116,Coastal Range Collective Lemon Lime Seltzer 10mg,Beverages,Coastal Range Collective,0.37,3.71,11.29,25.99
117,Mt. Hood Labs Cherry Fruit Drink 10mg,Beverages,Mt. Hood Labs,0.41,1.23,6.8,14.79
118,Rogue Valley Wellness Mango Fruit Chews 100mg,Edibles,Rogue Valley Wellness,2.83,3.05,12.93,32.49
119,Three Sisters Botanicals Zkittlez 7g,Flower,Three Sisters Botanicals,24.54,,42.3,72.79
120,Rogue Valley Wellness Mango Chocolate Bar 100mg,Edibles,Rogue Valley Wellness,1.3,2.84,14.8,33.99
121,Gold Beach Gardens Durban Poison 7g,Flower,Gold Beach Gardens,28.32,0.72,51.8,87.79
122,Deschutes Collective Biscotti 14g,Flower,Deschutes Collective,17.97,0.73,86.58,175.79
123,Sasquatch Labs OG Kush 28g,Flower,Sasquatch Labs,25.93,0.33,173.9,311.49
124,Emerald Cultivators Pineapple Express 28g,Flower,Emerald Cultivators,16.34,0.75,210.07,382.79
125,Pacific Extracts Mimosa 3.5g,Flower,Pacific Extracts,18.03,0.11,28.31,55.79
126,Crater Lake Farms Huckleberry Sparkling Tonic 5mg,Beverages,Crater Lake Farms,0.77,2.19,9.49,18.79
127,Deschutes Collective Jack Herer 7g,Flower,Deschutes Collective,16.91,0.83,59.24,109.49
128,Willamette Collective Pineapple Express Rosin 1g,Concentrates,Willamette Collective,81.55,2.08,40.7,81.49
129,Coastal Range Collective Watermelon Sparkling Tonic 5mg,Beverages,Coastal Range Collective,0.19,0.34,6.92,15.99
130,Deschutes Collective Wedding Cake 28g,Flower,Deschutes Collective,18.17,0.43,181.16,313.79
131,Emerald Cultivators OG Kush 3.5g,Flower,Emerald Cultivators,22.56,1.06,21.7,43.99
132,Silver Falls Labs Girl Scout Cookies 14g,Flower,Silver Falls Labs,19.66,0.8,90.62,169.49
133,Crater Lake Cannabis Co. Cereal Milk 0.5g Cartridge,Vape Cartridges,Crater Lake Cannabis Co.,77.43,2.87,26.2,50.99
134,Coastal Range Collective Blue Dream 1g Cartridge,Vape Cartridges,Coastal Range Collective,66.23,1.61,38.8,69.49
135,Crater Lake Farms Mango Fruit Drink 10mg,Beverages,Crater Lake Farms,0.83,3.18,7.43,17.49
136,Sasquatch Labs Skywalker OG 28g,Flower,Sasquatch Labs,17.13,1.19,187.54,327.99
137,Sasquatch Labs Mimosa 28g,Flower,Sasquatch Labs,16.25,0.91,206.38,383.99
138,Willamette Collective Gorilla Glue #4 5-Pack Pre-Rolls,Pre-Rolls,Willamette Collective,24.17,0.85,14.96,28.79
139,Salmon Run Extracts Tropical Punch Gummies 100mg,Edibles,Salmon Run Extracts,4.65,1.53,17.31,35.79
140,Old Growth Harvest Northern Lights 1g Cartridge,Vape Cartridges,Old Growth Harvest,78.62,1.55,33.94,64.79
141,Timberline Labs Cherry Sparkling Tonic 5mg,Beverages,Timberline Labs,0.33,3.72,10.96,27.99
142,Willamette Collective Wedding Cake Live Resin 1g,Concentrates,Willamette Collective,69.08,2.63,50.44,94.99
143,Rogue Valley Wellness Tropical Punch Caramels 100mg,Edibles,Rogue Valley Wellness,1.11,,10.35,25.99
144,Timberline Labs Grape Fruit Drink 10mg,Beverages,Timberline Labs,0.48,3.9,9.86,19.99
145,Pacific Extracts Tangie 3.5g,Flower,Pacific Extracts,21.82,0.73,28.94,58.79
146,Willamette Collective Mac 1 Shatter 1g,Concentrates,Willamette Collective,73.59,1.2,34.37,76.99
147,Deschutes Collective Mimosa 3.5g,Flower,Deschutes Collective,28.48,0.66,20.67,34.49
148,Three Sisters Botanicals White Widow 28g,Flower,Three Sisters Botanicals,22.09,0.53,180.19,328.49
149,Pacific Labs Cereal Milk Live Resin 1g,Concentrates,Pacific Labs,79.06,0.46,45.49,87.49
150,Deschutes Labs Ice Cream Cake Single 1g Pre-Roll,Pre-Rolls,Deschutes Labs,19.98,0.07,2.94,5.49
151,Rogue Valley Wellness Blackberry Gummies 100mg,Edibles,Rogue Valley Wellness,1.26,3.46,10.34,21.99
152,Deschutes Collective Apple Fritter 3.5g,Flower,Deschutes Collective,26.4,0.74,29.72,55.79
153,Three Sisters Botanicals White Widow 7g,Flower,Three Sisters Botanicals,27.41,0.54,41.24,75.49
154,Rogue Valley Wellness Strawberry Gummies 100mg,Edibles,Rogue Valley Wellness,3.61,4.14,11.05,23.99
155,Mt. Hood Apothecary Skywalker OG 0.5g Cartridge,Vape Cartridges,Mt. Hood Apothecary,74.92,0.06,33.32,57.99
156,Blue Mountain Harvest Animal Cookies 1g Disposable,Vape Cartridges,Blue Mountain Harvest,64.25,1.61,40.21,73.79
157,Rogue Valley Wellness Watermelon Chocolate Bar 100mg,Edibles,Rogue Valley Wellness,6.83,0.49,12.0,27.99
158,Old Growth Gardens White Widow Live Resin 1g,Concentrates,Old Growth Gardens,67.01,2.21,33.75,69.49
159,High Desert Botanicals Wedding Cake 0.5g Cartridge,Vape Cartridges,High Desert Botanicals,84.34,2.68,34.19,64.79
160,Salmon Run Extracts Mixed Berry Fruit Chews 100mg,Edibles,Salmon Run Extracts,2.87,3.44,15.66,40.99
161,Pacific Extracts Durban Poison 28g,Flower,Pacific Extracts,21.46,0.76,229.75,385.79
162,Fern Canyon Collective Blue Raspberry Gummies 100mg,Edibles,Fern Canyon Collective,5.28,3.07,16.85,40.79
163,Deschutes Collective Cherry Pie 3.5g,Flower,Deschutes Collective,24.52,0.05,24.63,48.79
164,Salmon Run Botanicals White Widow 3-Pack Minis,Pre-Rolls,Salmon Run Botanicals,14.94,0.09,8.58,15.99
165,Rogue Valley Wellness Watermelon Chocolate Bar 100mg,Edibles,Rogue Valley Wellness,6.31,3.31,10.85,23.99
166,Mt. Hood Labs Sour Apple Seltzer 10mg,Beverages,Mt. Hood Labs,0.21,2.64,6.22,12.49
167,Pacific Labs Blue Dream Diamonds 1g,Concentrates,Pacific Labs,90.81,0.89,32.05,58.79
168,North Fork Harvest Forbidden Fruit 3-Pack Minis,Pre-Rolls,North Fork Harvest,18.97,0.25,8.25,18.79
169,Three Sisters Reserve Purple Punch 0.5g Cartridge,Vape Cartridges,Three Sisters Reserve,76.44,0.13,37.88,79.99
170,Silver Falls Provisions Muscle Salve 1oz,Topicals,Silver Falls Provisions,1.76,21.6,19.58,55.79
171,Three Sisters Botanicals Gelato 14g,Flower,Three Sisters Botanicals,16.79,0.41,104.57,208.99
172,Silver Falls Labs Gorilla Glue #4 28g,Flower,Silver Falls Labs,21.05,,185.26,323.79
173,Cascade Cultivators CBD Lotion 4oz,Topicals,Cascade Cultivators,1.18,19.74,11.46,26.99
174,Rogue Valley Wellness Cherry Caramels 100mg,Edibles,Rogue Valley Wellness,6.62,4.31,10.14,24.79
175,Sasquatch Labs Wedding Cake 7g,Flower,Sasquatch Labs,25.87,0.79,53.8,107.79
176,Salmon Run Extracts Huckleberry Caramels 100mg,Edibles,Salmon Run Extracts,7.89,4.69,13.0,27.99
177,Fern Canyon Collective Pineapple Express Live Resin 1g,Concentrates,Fern Canyon Collective,73.72,2.52,35.34,79.49
178,Sasquatch Labs Do-Si-Dos 14g,Flower,Sasquatch Labs,22.12,0.36,101.79,190.79
179,Timberline Labs Cherry Pie 28g,Flower,Timberline Labs,17.24,0.55,217.93,416.99
180,Willamette Labs Zkittlez Badder 1g,Concentrates,Willamette Labs,81.88,2.98,36.17,65.79
181,Rogue Valley Wellness Blue Raspberry Fruit Chews 100mg,Edibles,Rogue Valley Wellness,4.66,3.67,9.24,22.49
182,Evergreen Wellness Skywalker OG Single 1g Pre-Roll,Pre-Rolls,Evergreen Wellness,18.62,0.94,2.23,4.79
183,Emerald Cultivators OG Kush 14g,Flower,Emerald Cultivators,17.83,1.15,108.32,181.99
184,Three Sisters Reserve Animal Cookies 1g Disposable,Vape Cartridges,Three Sisters Reserve,64.62,0.92,31.54,59.79
185,Pacific Extracts Mac 1 14g,Flower,Pacific Extracts,20.48,0.5,101.91,206.49
186,Pacific Extracts Girl Scout Cookies Single 1g Pre-Roll,Pre-Rolls,Pacific Extracts,22.05,,2.0,4.99
187,Willamette Labs Gelato 5-Pack Pre-Rolls,Pre-Rolls,Willamette Labs,21.54,0.67,10.39,22.99
188,Crater Lake Farms Watermelon Seltzer 10mg,Beverages,Crater Lake Farms,0.84,3.22,9.22,20.79
189,Old Growth Farms White Widow Single 1g Pre-Roll,Pre-Rolls,Old Growth Farms,14.76,0.4,2.09,4.99
190,Coastal Range Collective OG Kush 14g,Flower,Coastal Range Collective,22.24,0.53,110.12,213.79
191,Salmon Run Extracts Grape Fruit Chews 100mg,Edibles,Salmon Run Extracts,2.15,2.99,7.97,17.99
192,Coastal Range Collective Apple Fritter 14g,Flower,Coastal Range Collective,24.0,0.51,116.19,241.49
193,Sasquatch Labs Biscotti 3.5g,Flower,Sasquatch Labs,20.37,0.69,28.07,50.99
194,Pacific Extracts Lemon Haze 7g,Flower,Pacific Extracts,19.68,0.03,46.11,79.49
195,Mt. Hood Apothecary Grape Fruit Chews 100mg,Edibles,Mt. Hood Apothecary,2.44,2.15,17.35,37.79
196,Old Growth Harvest Wedding Cake 1g Disposable,Vape Cartridges,Old Growth Harvest,65.77,2.41,41.84,89.79
197,Old Growth Labs Northern Lights Single 1g Pre-Roll,Pre-Rolls,Old Growth Labs,23.46,0.6,2.1,3.49
198,Crater Lake Farms Pineapple Express 7g,Flower,Crater Lake Farms,17.22,0.73,54.58,106.49
199,Emerald Cultivators Forbidden Fruit 14g,Flower,Emerald Cultivators,15.8,0.34,79.9,164.79
200,Cascade Cultivators Zkittlez 1g Cartridge,Vape Cartridges,Cascade Cultivators,88.09,0.75,29.94,54.79
201,Sasquatch Labs Granddaddy Purple 7g,Flower,Sasquatch Labs,21.83,0.04,39.87,78.79
202,Rogue Valley Wellness Mimosa 1g Cartridge,Vape Cartridges,Rogue Valley Wellness,64.32,1.6,43.13,75.49
203,Sasquatch Labs Gorilla Glue #4 28g,Flower,Sasquatch Labs,28.49,0.67,209.76,351.79
204,Willamette Labs Pineapple Express 28g,Flower,Willamette Labs,18.64,0.88,189.18,318.79
205,Willamette Collective Mac 1 7g,Flower,Willamette Collective,23.52,0.42,58.91,108.49
206,Willamette Labs Gorilla Glue #4 3.5g,Flower,Willamette Labs,18.51,1.02,21.62,37.99
207,High Desert Botanicals Granddaddy Purple 0.5g Cartridge,Vape Cartridges,High Desert Botanicals,82.41,0.2,42.2,74.79
208,Pacific Extracts Cherry Pie 14g,Flower,Pacific Extracts,21.42,0.58,80.43,150.99
209,Salmon Run Extracts Sour Apple Gummies 100mg,Edibles,Salmon Run Extracts,5.38,2.73,11.53,25.49
210,Fern Canyon Collective Cereal Milk 3.5g,Flower,Fern Canyon Collective,21.43,0.06,27.72,51.99
211,Willamette Labs Mac 1 3.5g,Flower,Willamette Labs,25.59,0.62,22.72,39.99
212,Gold Beach Gardens Cooling Gel Roll-On,Topicals,Gold Beach Gardens,5.28,19.41,20.53,47.49
213,Sasquatch Labs Blue Dream 28g,Flower,Sasquatch Labs,15.91,0.56,156.28,308.99
214,Pacific Extracts Cooling Gel Roll-On,Topicals,Pacific Extracts,2.99,4.11,16.46,45.49
215,Deschutes Collective Runtz 7g,Flower,Deschutes Collective,17.85,0.63,58.75,115.49
216,Cascade Extracts Blue Dream Live Resin 1g,Concentrates,Cascade Extracts,76.37,1.9,49.82,97.49
217,Gold Beach Gardens Mimosa 28g,Flower,Gold Beach Gardens,24.74,0.95,167.27,312.79
218,Evergreen Wellness Pineapple Express Single 1g Pre-Roll,Pre-Rolls,Evergreen Wellness,25.78,0.33,3.03,5.49
219,Silver Falls Labs Gorilla Glue #4 28g,Flower,Silver Falls Labs,21.16,0.74,166.78,319.49
220,Coastal Range Collective Strawberry Cough 3.5g,Flower,Coastal Range Collective,22.07,1.16,27.69,56.49
221,Salmon Run Extracts Sour Apple Fruit Chews 100mg,Edibles,Salmon Run Extracts,1.74,4.41,13.98,33.49
222,Rogue Valley Wellness Blue Raspberry Gummies 100mg,Edibles,Rogue Valley Wellness,0.59,2.8,8.78,19.79
223,Fern Canyon Wellness Mixed Berry Sparkling Tonic 5mg,Beverages,Fern Canyon Wellness,0.9,0.75,5.56,13.49
224,Three Sisters Botanicals Peach Gummies 100mg,Edibles,Three Sisters Botanicals,4.56,3.55,16.01,40.99
225,Three Sisters Reserve Do-Si-Dos 1g Disposable,Vape Cartridges,Three Sisters Reserve,71.09,1.48,34.19,72.79
226,Old Growth Gardens Strawberry Cough Rosin 1g,Concentrates,Old Growth Gardens,61.43,2.14,38.38,86.79
227,Timberline Apothecary Runtz 7g,Flower,Timberline Apothecary,24.12,0.75,54.23,99.99
228,Salmon Run Extracts Peach Fruit Chews 100mg,Edibles,Salmon Run Extracts,4.03,4.9,16.26,35.49
229,Sasquatch Labs Mac 1 14g,Flower,Sasquatch Labs,15.97,0.21,105.83,188.49
230,Deschutes Collective Cereal Milk 28g,Flower,Deschutes Collective,18.91,0.77,224.31,391.79
231,North Fork Harvest Northern Lights Single 1g Pre-Roll,Pre-Rolls,North Fork Harvest,14.43,0.36,2.26,4.49
232,Three Sisters Reserve Ice Cream Cake 1g Cartridge,Vape Cartridges,Three Sisters Reserve,87.01,2.3,43.77,88.99
233,Old Growth Gardens Durban Poison 0.5g Cartridge,Vape Cartridges,Old Growth Gardens,80.79,1.68,43.14,78.99
234,Cascade Extracts Jack Herer Live Resin 1g,Concentrates,Cascade Extracts,72.03,2.59,41.18,76.79
235,Old Growth Farms Strawberry Cough Single 1g Pre-Roll,Pre-Rolls,Old Growth Farms,19.49,0.05,2.13,5.49
236,Three Sisters Botanicals Gorilla Glue #4 14g,Flower,Three Sisters Botanicals,27.02,0.35,88.76,181.79
237,Willamette Collective White Widow Diamonds 1g,Concentrates,Willamette Collective,90.62,2.18,30.45,68.49
238,Blue Mountain Harvest Purple Punch Rosin 1g,Concentrates,Blue Mountain Harvest,65.42,2.62,50.73,99.79
239,Salmon Run Extracts Blackberry Fruit Drink 10mg,Beverages,Salmon Run Extracts,0.37,0.05,5.68,12.99
240,Rogue Valley Wellness Blue Dream 7g,Flower,Rogue Valley Wellness,19.16,0.36,51.07,90.49
241,High Desert Botanicals OG Kush 0.5g Cartridge,Vape Cartridges,High Desert Botanicals,62.45,0.72,28.71,61.49
242,Three Sisters Botanicals Lemon Haze 14g,Flower,Three Sisters Botanicals,28.94,1.03,101.48,170.79
243,Deschutes Collective White Widow 28g,Flower,,16.31,1.09,163.65,309.99
244,Old Growth Farms Forbidden Fruit Single 1g Pre-Roll,Pre-Rolls,Old Growth Farms,25.43,0.69,3.0,6.99
245,Salmon Run Extracts Watermelon Chocolate Bar 100mg,Edibles,Salmon Run Extracts,6.3,3.01,11.78,25.99
246,Evergreen Goods Jack Herer 5-Pack Pre-Rolls,Pre-Rolls,Evergreen Goods,21.89,0.76,12.66,29.79
247,Pacific Labs Runtz 5-Pack Pre-Rolls,Pre-Rolls,Pacific Labs,15.35,0.46,13.07,25.99
248,Emerald Cultivators Gorilla Glue #4 7g,Flower,Emerald Cultivators,23.41,0.89,58.46,112.49
249,Three Sisters Reserve Ice Cream Cake 1g Disposable,Vape Cartridges,Three Sisters Reserve,71.22,,30.09,52.99
250,Gold Beach Gardens Grape Caramels 100mg,Edibles,Gold Beach Gardens,2.58,4.86,8.54,17.99
251,Timberline Labs Granddaddy Purple 1g Cartridge,Vape Cartridges,,68.7,0.62,37.22,67.79
252,Mt. Hood Wellness Pineapple Express 7g,Flower,Mt. Hood Wellness,18.07,0.04,38.66,64.99
253,Three Sisters Botanicals Gorilla Glue #4 14g,Flower,Three Sisters Botanicals,19.11,1.12,98.53,185.79
254,Salmon Run Extracts Northern Lights 7g,Flower,Salmon Run Extracts,16.59,0.41,51.46,87.99
255,Old Growth Harvest Mixed Berry Sparkling Tonic 5mg,Beverages,Old Growth Harvest,1.19,0.53,9.92,21.79
256,Pacific Extracts Wedding Cake 3.5g,Flower,Pacific Extracts,20.75,1.09,23.68,42.99
257,Old Growth Farms Mac 1 5-Pack Pre-Rolls,Pre-Rolls,Old Growth Farms,26.42,0.99,14.94,29.79
258,Salmon Run Extracts Mixed Berry Gummies 100mg,Edibles,Salmon Run Extracts,0.88,1.29,14.0,28.49
259,Old Growth Farms Durban Poison 5-Pack Pre-Rolls,Pre-Rolls,Old Growth Farms,18.99,0.55,10.69,23.49
260,Pacific Labs Apple Fritter 7g,Flower,Pacific Labs,25.52,0.09,47.3,80.49
261,Silver Falls Labs Jack Herer 28g,Flower,Silver Falls Labs,20.07,0.71,211.01,405.49
262,Salmon Run Extracts Grape Chocolate Bar 100mg,Edibles,Salmon Run Extracts,7.35,3.06,14.0,28.79
263,Timberline Apothecary Relief Balm 2oz,Topicals,Timberline Apothecary,0.4,12.68,20.83,47.49
264,Silver Falls Provisions Jack Herer 3.5g,Flower,Silver Falls Provisions,19.13,0.58,23.68,39.79
265,Silver Falls Labs Tangie 3.5g,Flower,Silver Falls Labs,25.21,0.78,22.85,42.49
266,Evergreen Wellness Tangie 5-Pack Pre-Rolls,Pre-Rolls,Evergreen Wellness,19.59,0.81,14.15,32.99
267,Willamette Goods Northern Lights 14g,Flower,Willamette Goods,26.51,1.03,110.53,202.99
268,Deschutes Collective Purple Punch 28g,Flower,Deschutes Collective,23.15,0.45,180.78,329.99
269,Old Growth Farms Durban Poison 5-Pack Pre-Rolls,Pre-Rolls,Old Growth Farms,16.17,0.52,12.25,26.99
270,Willamette Goods Sour Diesel Rosin 1g,Concentrates,Willamette Goods,67.8,0.46,52.25,98.79
271,Rogue Valley Wellness Mango Caramels 100mg,Edibles,Rogue Valley Wellness,1.04,2.05,10.75,25.99
272,Three Sisters Botanicals Lemon Haze 7g,Flower,Three Sisters Botanicals,20.1,0.26,51.22,98.79
273,Rogue Valley Wellness Cereal Milk 14g,Flower,Rogue Valley Wellness,15.39,0.61,97.39,167.99
274,Crater Lake Farms CBD Lotion 4oz,Topicals,Crater Lake Farms,0.23,2.62,14.61,41.99
275,Rogue Valley Goods Citrus Seltzer 10mg,Beverages,Rogue Valley Goods,0.6,1.16,10.29,19.49
276,Mt. Hood Labs Strawberry Fruit Drink 10mg,Beverages,Mt. Hood Labs,1.15,1.26,5.81,14.99
277,Silver Falls Labs Mac 1 28g,Flower,Silver Falls Labs,28.46,,178.23,369.79
278,Salmon Run Extracts Cherry Gummies 100mg,Edibles,Salmon Run Extracts,4.56,0.77,10.74,23.99
279,Three Sisters Botanicals Do-Si-Dos 14g,Flower,Three Sisters Botanicals,19.23,0.31,95.5,191.99
280,Silver Falls Labs Strawberry Cough 3.5g,Flower,Silver Falls Labs,18.78,1.16,22.85,38.49
281,Deschutes Collective Forbidden Fruit 7g,Flower,Deschutes Collective,23.77,0.59,47.82,81.99
282,Cascade Extracts Zkittlez Badder 1g,Concentrates,Cascade Extracts,87.57,1.87,54.85,110.49
283,Three Sisters Botanicals Ice Cream Cake 3.5g,Flower,Three Sisters Botanicals,21.66,0.65,19.66,35.99
284,Salmon Run Extracts Strawberry Fruit Chews 100mg,Edibles,Salmon Run Extracts,7.32,3.61,17.6,37.79
285,Pacific Extracts Durban Poison 3.5g,Flower,Pacific Extracts,26.12,0.33,20.56,40.99
286,Old Growth Farms Durban Poison 5-Pack Pre-Rolls,Pre-Rolls,Old Growth Farms,15.93,0.56,15.66,35.99
287,Mt. Hood Apothecary Skywalker OG 28g,Flower,Mt. Hood Apothecary,19.0,0.24,185.53,350.99
288,Salmon Run Apothecary Runtz 3-Pack Minis,Pre-Rolls,Salmon Run Apothecary,20.65,0.59,7.39,16.99
289,Three Sisters Reserve Purple Punch 1g Disposable,Vape Cartridges,Three Sisters Reserve,85.65,2.29,33.15,73.99
290,Timberline Labs Blue Dream 1g Disposable,Vape Cartridges,Timberline Labs,66.21,0.33,44.12,87.99
291,Silver Falls Labs Skywalker OG 28g,Flower,Silver Falls Labs,27.37,0.54,159.25,323.49
292,Deschutes Labs Forbidden Fruit Badder 1g,Concentrates,Deschutes Labs,89.28,0.06,45.66,94.99
293,Emerald Cultivators Skywalker OG 14g,Flower,Emerald Cultivators,19.19,0.43,82.65,159.79
294,Three Sisters Botanicals Purple Punch 14g,Flower,Three Sisters Botanicals,28.4,0.01,85.85,151.49
295,Silver Falls Labs Do-Si-Dos 3.5g,Flower,Silver Falls Labs,25.37,0.17,28.01,54.79
296,Crater Lake Cannabis Co. CBD Lotion 4oz,Topicals,Crater Lake Cannabis Co.,3.95,17.32,19.23,51.79
297,Pacific Extracts Cherry Pie 3.5g,Flower,Pacific Extracts,20.71,0.49,20.07,37.79
298,Timberline Apothecary Biscotti 3.5g,Flower,Timberline Apothecary,26.32,1.14,20.42,36.79
299,Pacific Extracts Zkittlez 3.5g,Flower,Pacific Extracts,24.9,0.06,27.59,51.79
300,High Desert Botanicals Girl Scout Cookies 0.5g Cartridge,Vape Cartridges,High Desert Botanicals,69.15,0.7,33.06,57.99
301,Rogue Valley Wellness Lemon Lime Caramels 100mg,Edibles,Rogue Valley Wellness,7.3,1.61,11.46,29.79
302,Mt. Hood Labs Cherry Pie 7g,Flower,Mt. Hood Labs,28.71,0.72,51.95,90.99
303,Evergreen Wellness Sour Apple Gummies 100mg,Edibles,Evergreen Wellness,4.27,2.25,16.78,34.79
304,Rogue Valley Wellness Cherry Caramels 100mg,Edibles,Rogue Valley Wellness,1.04,3.41,13.87,32.49
305,Pacific Extracts Wedding Cake 28g,Flower,Pacific Extracts,22.28,0.17,200.41,398.99
306,Silver Falls Provisions CBD Lotion 4oz,Topicals,Silver Falls Provisions,2.98,7.69,13.26,35.49
307,Mt. Hood Apothecary Sour Diesel 0.5g Cartridge,Vape Cartridges,Mt. Hood Apothecary,69.85,0.0,39.97,69.79
308,Pacific Labs Zkittlez Badder 1g,Concentrates,Pacific Labs,65.22,2.12,31.17,64.49
309,Rogue Valley Wellness Pineapple Coconut Fruit Chews 100mg,Edibles,Rogue Valley Wellness,2.53,4.21,10.96,22.49
310,Cascade Extracts Biscotti Shatter 1g,Concentrates,Cascade Extracts,88.0,1.3,49.72,97.99
311,Willamette Collective Citrus Chocolate Bar 100mg,Edibles,Willamette Collective,5.65,2.47,7.98,20.99
312,Emerald Cultivators Tangie 7g,Flower,Emerald Cultivators,15.06,0.2,53.28,101.79
313,Cascade Cultivators Biscotti 28g,Flower,Cascade Cultivators,24.84,0.36,233.86,459.49
314,Cascade Cultivators Cereal Milk 3.5g,Flower,Cascade Cultivators,15.67,0.43,26.01,51.99
315,Mt. Hood Apothecary Mac 1 0.5g Cartridge,Vape Cartridges,Mt. Hood Apothecary,66.48,1.11,34.15,65.49
316,Three Sisters Botanicals Northern Lights 7g,Flower,Three Sisters Botanicals,20.83,0.99,54.62,92.99
317,Timberline Labs Huckleberry Seltzer 10mg,Beverages,Timberline Labs,1.07,0.86,8.31,18.79
318,Salmon Run Botanicals Durban Poison Single 1g Pre-Roll,Pre-Rolls,Salmon Run Botanicals,17.84,,2.73,5.99
319,Three Sisters Reserve Peach Caramels 100mg,Edibles,Three Sisters Reserve,3.46,3.57,14.09,30.99
320,Salmon Run Botanicals Tropical Punch Fruit Chews 100mg,Edibles,Salmon Run Botanicals,2.66,1.84,16.79,35.99
321,Salmon Run Botanicals Granddaddy Purple 5-Pack Pre-Rolls,Pre-Rolls,Salmon Run Botanicals,18.93,0.4,10.09,22.99
322,Three Sisters Botanicals Lemon Haze 3.5g,Flower,Three Sisters Botanicals,21.9,0.49,23.59,40.49
323,Old Growth Labs Northern Lights 3-Pack Minis,Pre-Rolls,Old Growth Labs,26.53,0.62,7.67,13.79
324,Pacific Extracts Pineapple Express 14g,Flower,Pacific Extracts,25.82,0.63,109.51,194.49
325,Salmon Run Extracts Mixed Berry Caramels 100mg,Edibles,Salmon Run Extracts,2.7,3.87,7.19,15.79
326,Pacific Labs White Widow 7g,Flower,Pacific Labs,15.02,0.36,46.31,82.79
327,Willamette Collective Sour Diesel 28g,Flower,Willamette Collective,25.96,0.94,229.48,384.99
328,Willamette Collective Runtz Badder 1g,Concentrates,Willamette Collective,66.21,0.2,39.95,81.99
329,Old Growth Farms Do-Si-Dos Shatter 1g,Concentrates,Old Growth Farms,72.53,0.17,48.69,99.79
330,Emerald Cultivators Forbidden Fruit Diamonds 1g,Concentrates,Emerald Cultivators,84.05,2.97,53.57,125.79
331,Cascade Extracts Gelato Live Resin 1g,Concentrates,Cascade Extracts,63.34,0.59,39.14,72.79
332,Fern Canyon Collective CBD Lotion 4oz,Topicals,Fern Canyon Collective,4.69,13.57,17.47,40.99
333,Crater Lake Cannabis Co. Runtz 1g Disposable,Vape Cartridges,,80.9,0.78,32.76,65.99
334,Emerald Cultivators Gorilla Glue #4 7g,Flower,Emerald Cultivators,21.58,1.07,44.6,91.49
335,Mt. Hood Wellness Strawberry Cough 3-Pack Minis,Pre-Rolls,Mt. Hood Wellness,22.2,0.54,6.03,11.99
336,Pacific Labs Mimosa Shatter 1g,Concentrates,Pacific Labs,74.6,0.73,53.95,101.79
337,Pacific Extracts Wedding Cake 3.5g,Flower,Pacific Extracts,21.44,0.66,27.72,48.79
338,Salmon Run Extracts Huckleberry Sparkling Tonic 5mg,Beverages,Salmon Run Extracts,0.28,1.78,5.31,11.49
339,Sasquatch Labs Do-Si-Dos 3.5g,Flower,Sasquatch Labs,28.32,1.19,21.32,43.79
340,Blue Mountain Harvest Pineapple Coconut Sparkling Tonic 5mg,Beverages,Blue Mountain Harvest,0.73,1.04,11.87,27.99
341,Old Growth Gardens Wedding Cake 1g Disposable,Vape Cartridges,Old Growth Gardens,90.42,0.57,37.45,65.79
342,Mt. Hood Apothecary Gelato 0.5g Cartridge,Vape Cartridges,Mt. Hood Apothecary,89.25,2.88,43.16,90.79
343,Sasquatch Labs Cereal Milk 14g,Flower,Sasquatch Labs,25.06,0.3,97.03,167.49
344,Timberline Apothecary Zkittlez Badder 1g,Concentrates,Timberline Apothecary,61.02,1.7,46.67,100.99
345,Sasquatch Labs Gorilla Glue #4 Single 1g Pre-Roll,Pre-Rolls,Sasquatch Labs,18.64,1.11,2.01,3.99
346,Evergreen Goods OG Kush 3.5g,Flower,Evergreen Goods,19.5,1.02,21.58,41.79
347,Sasquatch Gardens Pineapple Express 7g,Flower,Sasquatch Gardens,24.27,0.14,48.6,81.49
348,Deschutes Collective Animal Cookies 3.5g,Flower,Deschutes Collective,28.91,0.05,28.91,52.79
349,Deschutes Botanicals OG Kush Diamonds 1g,Concentrates,Deschutes Botanicals,88.98,2.85,48.86,97.99
350,Emerald Cultivators Sour Diesel 7g,Flower,Emerald Cultivators,18.51,0.68,55.04,98.79
351,Coastal Range Collective Tropical Punch Fruit Drink 10mg,Beverages,Coastal Range Collective,1.11,0.41,6.34,12.79
352,Crater Lake Cannabis Co. Zkittlez 1g Disposable,Vape Cartridges,Crater Lake Cannabis Co.,61.21,0.11,29.42,57.49
353,Silver Falls Labs Skywalker OG 3.5g,Flower,Silver Falls Labs,21.11,0.7,25.36,52.79
354,Gold Beach Gardens Muscle Salve 1oz,Topicals,Gold Beach Gardens,1.69,9.06,19.11,47.49
355,Old Growth Gardens Lemon Lime Fruit Drink 10mg,Beverages,Old Growth Gardens,0.65,0.82,8.33,19.99
356,Old Growth Gardens Lemon Haze Shatter 1g,Concentrates,Old Growth Gardens,67.27,2.57,34.65,73.79
357,Mt. Hood Apothecary Apple Fritter 5-Pack Pre-Rolls,Pre-Rolls,Mt. Hood Apothecary,18.32,0.83,15.01,33.99
358,Gold Beach Gardens CBD Lotion 4oz,Topicals,Gold Beach Gardens,0.91,19.52,17.86,47.99
359,Pacific Extracts Wedding Cake 7g,Flower,Pacific Extracts,25.72,0.0,41.19,69.99
360,Crater Lake Cannabis Co. OG Kush 1g Cartridge,Vape Cartridges,Crater Lake Cannabis Co.,61.69,2.92,35.45,67.99
361,Salmon Run Extracts Strawberry Chocolate Bar 100mg,Edibles,Salmon Run Extracts,0.51,3.65,9.53,20.99
362,Mt. Hood Apothecary Biscotti 28g,Flower,Mt. Hood Apothecary,25.39,1.02,209.7,365.49
363,Pacific Extracts Gelato 7g,Flower,Pacific Extracts,17.54,0.45,55.65,108.79
364,Mt. Hood Labs Peach Fruit Drink 10mg,Beverages,Mt. Hood Labs,1.18,3.02,10.65,25.79
365,Gold Beach Gardens Durban Poison 14g,Flower,Gold Beach Gardens,24.93,0.2,99.87,169.99
366,Three Sisters Botanicals Northern Lights 14g,Flower,Three Sisters Botanicals,15.59,0.32,116.99,220.99
367,Timberline Apothecary Gelato 14g,Flower,Timberline Apothecary,22.19,0.61,81.31,159.79
368,Old Growth Farms White Widow Single 1g Pre-Roll,Pre-Rolls,Old Growth Farms,24.76,0.84,3.12,6.49
369,Salmon Run Extracts Watermelon Caramels 100mg,Edibles,Salmon Run Extracts,5.97,4.31,14.64,37.79
370,Gold Beach Gardens Cooling Gel Roll-On,Topicals,Gold Beach Gardens,1.17,8.91,19.68,46.49
371,Silver Falls Labs Cereal Milk 14g,Flower,Silver Falls Labs,21.95,0.46,116.78,219.49
372,Old Growth Labs Jack Herer 5-Pack Pre-Rolls,Pre-Rolls,Old Growth Labs,23.55,0.46,14.72,27.99
373,Timberline Labs Citrus Seltzer 10mg,Beverages,Timberline Labs,1.0,2.19,9.93,20.79
374,High Desert Botanicals Granddaddy Purple 1g Disposable,Vape Cartridges,High Desert Botanicals,75.65,2.16,26.03,57.79
375,Evergreen Goods Cherry Fruit Drink 10mg,Beverages,Evergreen Goods,0.54,0.53,8.87,20.49
376,Deschutes Botanicals Pineapple Express Live Resin 1g,Concentrates,Deschutes Botanicals,66.46,0.87,33.93,77.79
377,Deschutes Collective White Widow 14g,Flower,Deschutes Collective,23.0,1.0,103.24,181.49
378,Rogue Valley Wellness Blackberry Fruit Chews 100mg,Edibles,Rogue Valley Wellness,5.56,0.26,7.13,18.49
379,Emerald Cultivators Blue Dream 7g,Flower,Emerald Cultivators,19.68,0.88,51.55,92.79
380,Old Growth Gardens Blue Dream Badder 1g,Concentrates,Old Growth Gardens,84.0,0.86,31.71,63.79
381,Salmon Run Botanicals Mango Gummies 100mg,Edibles,Salmon Run Botanicals,3.3,4.72,7.62,16.79
382,Silver Falls Labs Jack Herer 14g,Flower,Silver Falls Labs,17.79,0.5,103.56,199.99
383,Three Sisters Botanicals Lemon Haze 3.5g,Flower,Three Sisters Botanicals,28.73,0.08,23.79,41.99
384,North Fork Harvest Sour Apple Gummies 100mg,Edibles,North Fork Harvest,7.78,0.57,8.97,20.79
385,Fern Canyon Wellness Mango Sparkling Tonic 5mg,Beverages,Fern Canyon Wellness,0.48,1.59,7.96,18.99
386,Pacific Extracts Blue Dream 3.5g,Flower,Pacific Extracts,18.76,0.34,24.32,42.79
387,Deschutes Collective Tangie 14g,Flower,Deschutes Collective,28.32,0.36,80.17,135.99
388,Fern Canyon Wellness Huckleberry Gummies 100mg,Edibles,Fern Canyon Wellness,5.18,3.24,13.59,27.49
389,Silver Falls Provisions Cherry Pie 14g,Flower,Silver Falls Provisions,23.37,1.04,88.39,157.99
390,Three Sisters Botanicals Mac 1 28g,Flower,Three Sisters Botanicals,28.23,,167.01,284.79
391,Rogue Valley Wellness Watermelon Chocolate Bar 100mg,Edibles,Rogue Valley Wellness,5.6,2.04,14.71,34.79
392,Willamette Goods Biscotti 3.5g,Flower,Willamette Goods,21.3,1.15,21.91,41.49
393,Silver Falls Labs Cereal Milk 3.5g,Flower,Silver Falls Labs,16.43,0.01,29.51,56.99
394,Rogue Valley Wellness Lemon Lime Chocolate Bar 100mg,Edibles,Rogue Valley Wellness,6.11,4.57,8.02,17.79
395,Old Growth Gardens OG Kush Live Resin 1g,Concentrates,Old Growth Gardens,55.34,1.77,48.09,97.99
396,Silver Falls Labs Do-Si-Dos 14g,Flower,Silver Falls Labs,25.0,0.11,87.16,166.79
397,Coastal Range Collective Watermelon Fruit Drink 10mg,Beverages,Coastal Range Collective,0.37,0.86,5.1,11.99
398,Crater Lake Cannabis Co. White Widow 1g Disposable,Vape Cartridges,Crater Lake Cannabis Co.,61.94,1.38,29.95,54.99
399,Old Growth Harvest Wedding Cake 5-Pack Pre-Rolls,Pre-Rolls,Old Growth Harvest,26.37,1.01,10.49,22.99
400,Emerald Cultivators Jack Herer 0.5g Cartridge,Vape Cartridges,Emerald Cultivators,88.91,1.63,41.46,87.99
401,Deschutes Botanicals Lemon Haze Rosin 1g,Concentrates,Deschutes Botanicals,74.29,0.21,48.45,106.99
402,Three Sisters Botanicals Gorilla Glue #4 7g,Flower,Three Sisters Botanicals,22.54,0.32,50.77,103.99
403,Pacific Labs Granddaddy Purple Diamonds 1g,Concentrates,Pacific Labs,71.81,1.89,49.68,107.99
404,Salmon Run Extracts Watermelon Gummies 100mg,Edibles,Salmon Run Extracts,3.71,2.21,14.76,31.99
405,Rogue Valley Wellness Cherry Fruit Chews 100mg,Edibles,Rogue Valley Wellness,2.69,2.22,16.07,32.49
406,Emerald Cultivators Mimosa 3.5g,Flower,Emerald Cultivators,15.79,0.59,24.53,43.79
407,Silver Falls Provisions CBD Lotion 4oz,Topicals,Silver Falls Provisions,0.96,5.21,13.12,34.79
408,Three Sisters Botanicals Jack Herer 3.5g,Flower,Three Sisters Botanicals,27.34,0.98,26.22,45.99
409,Three Sisters Botanicals Purple Punch 3.5g,Flower,Three Sisters Botanicals,22.21,0.64,21.87,38.99
410,Evergreen Wellness Pineapple Express 5-Pack Pre-Rolls,Pre-Rolls,Evergreen Wellness,24.77,0.95,12.12,24.99
411,Salmon Run Extracts Blue Raspberry Caramels 100mg,Edibles,Salmon Run Extracts,3.16,2.53,10.59,27.49
412,Blue Mountain Harvest Lemon Lime Sparkling Tonic 5mg,Beverages,Blue Mountain Harvest,0.21,1.57,11.13,27.99
413,Pacific Extracts Animal Cookies 3.5g,Flower,Pacific Extracts,26.73,1.03,26.36,53.49
414,Pacific Extracts Girl Scout Cookies 14g,Flower,Pacific Extracts,17.25,0.81,102.64,187.99
415,Mt. Hood Labs Northern Lights 3.5g,Flower,Mt. Hood Labs,15.03,0.86,20.99,35.79
416,Cascade Extracts Ice Cream Cake Shatter 1g,Concentrates,Cascade Extracts,60.97,0.25,42.87,94.99
417,Willamette Goods White Widow 7g,Flower,Willamette Goods,22.27,0.73,43.17,73.49
418,Fern Canyon Collective Relief Balm 2oz,Topicals,Fern Canyon Collective,2.35,6.68,10.69,25.79
419,Willamette Labs Ice Cream Cake Single 1g Pre-Roll,Pre-Rolls,Willamette Labs,21.03,0.84,2.51,5.79
420,High Desert Botanicals Zkittlez 14g,Flower,High Desert Botanicals,20.77,1.04,98.0,169.99
421,Three Sisters Botanicals Zkittlez 3.5g,Flower,Three Sisters Botanicals,19.72,0.17,20.48,38.49
422,Salmon Run Extracts Gorilla Glue #4 Badder 1g,Concentrates,Salmon Run Extracts,69.5,2.69,35.16,76.99
423,Rogue Valley Wellness Grape Gummies 100mg,Edibles,Rogue Valley Wellness,6.45,0.35,7.2,16.99
424,Coastal Range Collective Tangie Live Resin 1g,Concentrates,Coastal Range Collective,78.25,2.07,44.02,90.49
425,Mt. Hood Apothecary Granddaddy Purple 1g Disposable,Vape Cartridges,Mt. Hood Apothecary,86.14,1.46,41.43,87.79
426,Pacific Extracts Lemon Haze 7g,Flower,Pacific Extracts,17.57,1.03,47.98,95.99
427,Fern Canyon Wellness Mango Sparkling Tonic 5mg,Beverages,Fern Canyon Wellness,0.98,3.61,7.71,15.49
428,North Fork Harvest Gorilla Glue #4 Single 1g Pre-Roll,Pre-Rolls,North Fork Harvest,25.41,0.47,2.08,3.99
429,Crater Lake Cannabis Co. White Widow 0.5g Cartridge,Vape Cartridges,Crater Lake Cannabis Co.,62.3,1.13,37.97,66.99
430,Emerald Cultivators Gelato 14g,Flower,Emerald Cultivators,22.83,0.39,118.88,216.79
431,Deschutes Collective Ice Cream Cake 7g,Flower,Deschutes Collective,21.5,0.87,46.26,78.49
432,Salmon Run Botanicals Gorilla Glue #4 5-Pack Pre-Rolls,Pre-Rolls,Salmon Run Botanicals,14.11,0.26,14.25,30.99
433,Pacific Extracts Gelato 3.5g,Flower,Pacific Extracts,22.68,0.08,27.36,54.49
434,Crater Lake Cannabis Co. Biscotti 1g Disposable,Vape Cartridges,Crater Lake Cannabis Co.,84.24,2.26,36.67,76.49
435,Old Growth Labs Strawberry Cough 3-Pack Minis,Pre-Rolls,Old Growth Labs,22.07,0.89,8.42,15.99
436,Sasquatch Labs Granddaddy Purple 3.5g,Flower,,25.5,,28.6,49.79
437,Salmon Run Extracts Citrus Fruit Chews 100mg,Edibles,Salmon Run Extracts,4.84,3.16,16.78,39.99
438,Three Sisters Botanicals Do-Si-Dos 3.5g,Flower,Three Sisters Botanicals,18.79,0.24,26.77,49.79
439,Three Sisters Reserve Ice Cream Cake 1g Disposable,Vape Cartridges,Three Sisters Reserve,88.14,1.52,33.5,60.49
440,Emerald Cultivators Jack Herer 3.5g,Flower,Emerald Cultivators,20.36,0.99,26.56,44.79
441,Mt. Hood Apothecary Animal Cookies 1g Cartridge,Vape Cartridges,Mt. Hood Apothecary,68.19,2.82,38.85,71.79
442,Three Sisters Botanicals Apple Fritter 14g,Flower,Three Sisters Botanicals,17.67,0.83,88.32,157.99
443,Mt. Hood Apothecary Huckleberry Gummies 100mg,Edibles,Mt. Hood Apothecary,6.61,3.89,14.28,30.79
444,Three Sisters Botanicals Gelato 14g,Flower,Three Sisters Botanicals,24.79,0.44,80.71,139.49
445,Deschutes Collective Purple Punch 3.5g,Flower,Deschutes Collective,18.41,0.67,28.48,47.79
446,Sasquatch Labs Cherry Pie 3.5g,Flower,Sasquatch Labs,27.57,1.07,22.64,43.79
447,Salmon Run Botanicals Strawberry Cough Single 1g Pre-Roll,Pre-Rolls,Salmon Run Botanicals,24.98,0.3,2.99,7.99
448,Deschutes Collective Animal Cookies 7g,Flower,Deschutes Collective,28.98,0.39,40.49,68.49
449,Cascade Extracts Sour Diesel 0.5g Cartridge,Vape Cartridges,Cascade Extracts,67.49,0.12,44.95,95.99
450,Timberline Labs Mixed Berry Fruit Drink 10mg,Beverages,Timberline Labs,0.12,1.44,5.91,12.99
451,Cascade Extracts Granddaddy Purple 7g,Flower,Cascade Extracts,15.2,0.92,43.37,83.49
452,North Fork Harvest Sour Apple Gummies 100mg,Edibles,North Fork Harvest,0.79,4.19,15.39,36.99
453,Deschutes Collective Skywalker OG 14g,Flower,Deschutes Collective,23.13,1.19,101.65,204.79
454,Three Sisters Reserve Skywalker OG 0.5g Cartridge,Vape Cartridges,Three Sisters Reserve,81.93,1.17,33.85,70.99
455,Deschutes Labs Strawberry Cough 0.5g Cartridge,Vape Cartridges,Deschutes Labs,70.6,1.58,43.58,94.79
456,Old Growth Harvest Gelato 5-Pack Pre-Rolls,Pre-Rolls,Old Growth Harvest,26.75,0.78,15.97,30.79
457,Pacific Labs Gorilla Glue #4 Rosin 1g,Concentrates,Pacific Labs,71.83,2.02,31.33,66.99
458,Three Sisters Reserve Do-Si-Dos 0.5g Cartridge,Vape Cartridges,,89.19,0.5,32.46,65.49
459,Mt. Hood Apothecary Apple Fritter 1g Disposable,Vape Cartridges,Mt. Hood Apothecary,68.53,0.47,37.97,77.79
460,Salmon Run Extracts Lemon Lime Chocolate Bar 100mg,Edibles,Salmon Run Extracts,1.85,3.53,13.59,32.49
461,Mt. Hood Apothecary Animal Cookies 1g Disposable,Vape Cartridges,Mt. Hood Apothecary,60.59,2.34,28.39,60.49
462,Pacific Labs Skywalker OG 14g,Flower,Pacific Labs,26.24,1.15,112.2,217.99
463,Evergreen Goods Blue Raspberry Sparkling Tonic 5mg,Beverages,Evergreen Goods,0.73,1.11,6.08,12.49
464,Mt. Hood Wellness Peach Seltzer 10mg,Beverages,Mt. Hood Wellness,0.75,1.42,9.08,22.49
465,Sasquatch Labs Do-Si-Dos 14g,Flower,Sasquatch Labs,24.23,0.25,114.08,230.79
466,Pacific Extracts Jack Herer 28g,Flower,Pacific Extracts,25.32,0.34,170.52,345.79
467,Pacific Extracts Ice Cream Cake 7g,Flower,Pacific Extracts,19.69,0.08,39.81,79.49
468,Deschutes Labs Gorilla Glue #4 28g,Flower,Deschutes Labs,28.13,,225.61,449.99
469,Pacific Extracts Wedding Cake 3.5g,Flower,Pacific Extracts,18.76,0.12,24.18,42.79
470,Coastal Range Collective Cherry Seltzer 10mg,Beverages,Coastal Range Collective,1.17,3.04,6.03,12.79
471,Old Growth Farms Cherry Pie 3.5g,Flower,Old Growth Farms,19.19,0.28,22.68,44.99
472,Silver Falls Labs Skywalker OG 3.5g,Flower,Silver Falls Labs,24.44,0.08,22.98,40.49
473,Rogue Valley Wellness Huckleberry Gummies 100mg,Edibles,Rogue Valley Wellness,6.98,0.77,10.77,22.49
474,Timberline Apothecary Blue Dream 3.5g,Flower,Timberline Apothecary,22.89,0.96,22.43,41.49
475,Silver Falls Provisions Relief Balm 2oz,Topicals,Silver Falls Provisions,3.74,7.47,11.73,29.99
476,Sasquatch Labs Mac 1 7g,Flower,Sasquatch Labs,19.29,0.99,48.15,81.79
477,Evergreen Wellness Wedding Cake 7g,Flower,Evergreen Wellness,24.34,0.93,50.56,98.79
478,Pacific Extracts Mac 1 28g,Flower,Pacific Extracts,26.76,1.19,199.19,354.79
479,Three Sisters Botanicals Mimosa 3.5g,Flower,Three Sisters Botanicals,21.9,0.58,27.04,49.79
480,Pacific Labs Runtz Live Resin 1g,Concentrates,Pacific Labs,86.81,1.22,39.04,88.49
481,Silver Falls Labs Pineapple Express 14g,Flower,Silver Falls Labs,28.32,0.21,85.25,145.79
482,Rogue Valley Wellness Cherry Gummies 100mg,Edibles,Rogue Valley Wellness,4.17,3.22,13.37,30.99
483,Deschutes Labs Lemon Haze Live Resin 1g,Concentrates,Deschutes Labs,60.23,1.71,46.54,92.79
484,Mt. Hood Apothecary Mac 1 1g Cartridge,Vape Cartridges,Mt. Hood Apothecary,66.78,0.55,30.57,54.49
485,Mt. Hood Wellness Tangie 28g,Flower,Mt. Hood Wellness,17.0,0.45,201.99,417.79
486,Emerald Cultivators Animal Cookies 14g,Flower,Emerald Cultivators,22.79,1.01,80.65,145.79
487,Sasquatch Labs Tangie 14g,Flower,Sasquatch Labs,27.24,0.3,86.16,150.79
488,Pacific Extracts Gorilla Glue #4 3.5g,Flower,Pacific Extracts,26.1,0.75,28.39,47.49
489,Emerald Cultivators Skywalker OG 7g,Flower,Emerald Cultivators,21.81,1.1,40.47,72.79
490,Mt. Hood Labs Ice Cream Cake 3.5g,Flower,Mt. Hood Labs,18.33,1.09,21.43,37.49
491,Sasquatch Labs Strawberry Cough 14g,Flower,Sasquatch Labs,21.02,0.72,97.47,167.79
492,Salmon Run Extracts Cherry Caramels 100mg,Edibles,Salmon Run Extracts,3.48,4.14,15.46,40.49
493,Old Growth Harvest Northern Lights 3-Pack Minis,Pre-Rolls,Old Growth Harvest,25.84,0.61,8.21,16.49
494,Salmon Run Apothecary Tangie 3-Pack Minis,Pre-Rolls,Salmon Run Apothecary,14.45,0.66,6.18,12.79
495,Mt. Hood Apothecary Biscotti 1g Cartridge,Vape Cartridges,Mt. Hood Apothecary,73.92,0.71,25.5,45.49
496,High Desert Botanicals White Widow 3.5g,Flower,High Desert Botanicals,23.52,0.34,20.42,39.79
497,Salmon Run Extracts Blue Dream Badder 1g,Concentrates,Salmon Run Extracts,82.78,,39.8,89.49
498,Emerald Cultivators Ice Cream Cake 14g,Flower,Emerald Cultivators,22.92,1.11,105.45,184.99
499,Old Growth Harvest Purple Punch 5-Pack Pre-Rolls,Pre-Rolls,Old Growth Harvest,20.82,0.93,14.96,27.49
500,Salmon Run Extracts Sour Apple Gummies 100mg,Edibles,Salmon Run Extracts,0.73,4.81,10.8,22.99
